Country Name,"Time","Adolescent fertility rate (births per 1,000 women ages 15-19)","Annual freshwater withdrawals, total (% of internal resources)","Births attended by skilled health staff (% of total)","CO2 emissions (metric tons per capita)","Contraceptive prevalence, any methods (% of women ages 15-49)","Electric power consumption (kWh per capita)","Energy use (kg of oil equivalent per capita)","External debt stocks, total (DOD, current US$)","Fertility rate, total (births per woman)","Foreign direct investment, net inflows (BoP, current US$)","Forest area (sq. km)","GNI per capita, Atlas method (current US$)","GNI per capita, PPP (current international $)","GNI, Atlas method (current US$)","GNI, PPP (current international $)","High-technology exports (% of manufactured exports)","Immunization, measles (% of children ages 12-23 months)","Income share held by lowest 20%","Life expectancy at birth, total (years)","Mobile cellular subscriptions (per 100 people)","Mortality rate, under-5 (per 1,000 live births)","Net barter terms of trade index (2000 = 100)","Net migration","Net official development assistance and official aid received (current US$)","Personal remittances, received (current US$)","Population density (people per sq. km of land area)","Population growth (annual %)","Population, total","Poverty headcount ratio at $1.90 a day (2011 PPP) (% of population)","Poverty headcount ratio at national poverty lines (% of population)","Prevalence of HIV, total (% of population ages 15-49)","Prevalence of underweight, weight for age (% of children under 5)","Primary completion rate, total (% of relevant age group)","School enrollment, primary (% gross)","School enrollment, primary and secondary (gross), gender parity index (GPI)","School enrollment, secondary (% gross)","Statistical Capacity score (Overall average)","Surface area (sq. km)","Terrestrial and marine protected areas (% of total territorial area)","Time required to start a business (days)","Total debt service (% of exports of goods, services and primary income)","Urban population growth (annual %)","GDP (current US$)"
Chile,"1960","81.7476","","","1.65878637499862","","","","","4.697","","","","","","","","","","57.219","0","157.1","","","13010000","","","2.0830130315694","8132990","","","","","","","","","","","","","","3.40965446084696","4110000000"
Chile,"1961","82.2448","","","1.74301281664527","","","","","4.655","","","","","","","","","","57.616","","148.4","","","117040000","","11.168060891795","2.07859364236168","8303811","","","","","","","","","","756096.015625","","","","3.2859778885321","4609727272.72727"
Chile,"1962","82.742","","","1.97303175914489","","","","","4.602","","","580","","4886472636.91019","","","","","58.031","","141.9","","-146900","132880000","","11.4008497868598","2.06298969785899","8476897","","","","","","","","","","756096.015625","","","","3.18540342732052","5416272727.27273"
Chile,"1963","83.124","","","2.00637393448409","","","","","4.536","","","630","","5478801317.20794","","","","","58.467","","135.6","","","141890000","","11.6341820344408","2.02595967998818","8650387","","","","","","","","","","756096.015625","","","","3.1216971751146","5668187500"
Chile,"1964","83.506","","","1.98649683547389","","","","","4.457","","","670","","5881557692.68474","","","","","58.927","","126.9","","","131960000","","11.8647988643731","1.96284456024937","8821858","","","","","","","","","","756096.015625","","","","3.03258992331615","5982347826.08696"
Chile,"1965","83.888","","","1.97634750119054","","","","","4.364","","","670","","5992120668.80364","","","","","59.415","0","115.5","","","112850000","","12.0904286865584","1.88381842117001","8989621","","","","","","","","","","756096.015625","","","","2.9227374774815","6026593750"
Chile,"1966","84.27","","","2.05328256441386","","","","","4.259","","","750","","6857700632.29738","","","","","59.931","","103.8","","","135080000","","12.3099525175971","1.79939610235578","9152844","","","","","","","","","","756096.015625","","","","2.81380613049495","7072641025.64103"
Chile,"1967","84.652","","","2.06817950203472","","","","","4.144","","","760","","7097401107.56157","","","","","60.474","","94","","-196500","102300000","","12.5241342788485","1.72494421619437","9312095","","","","","","","","","","756096.015625","","","","2.71277755047934","7013196078.43137"
Chile,"1968","84.2054","","","2.24151900258162","","","","","4.025","","","780","","7416617930.29362","","","","","61.044","","86.7","","","84860000","","12.7349523652415","1.66928428355353","9468845","","","","","","","","","","756096.015625","","","","2.63256022165528","7167086956.52174"
Chile,"1969","83.7588","","","2.34337515500796","","","","","3.902","","","830","","7941283957.07515","","","","","61.637","","82.1","","","95150000","","12.9453898358868","1.6389359570277","9625312","","","","","","","","","","756096.015625","","","","2.57289096918331","8377093023.25582"
Chile,"1970","83.3122","","","2.52109824929312","","","","","3.778","","","880","","8627704656.39923","","","","","62.254","0","79.9","","","72360000","","13.1576496893522","1.62635873784844","9783134","","","","","81.9272766113281","120.91674041748","1.01710999011993","45.5704803466797","","756096.015625","","","","2.53440153084539","9126309734.51328"
Chile,"1971","82.8656","","","2.72515407493337","","761.259964192922","875.408426682137","","3.654","","","1060","","10499359431.528","","","","","62.895","","78.8","","","47900000","","13.3722914173376","1.6181446507564","9942727","","","","","89.559211730957","127.645652770996","1.00759994983673","52.3238105773926","","756096.015625","","","","2.48640093085827","10884114754.0984"
Chile,"1972","82.419","","","2.79026183940614","","787.832228157797","874.767831978744","","3.53","","","1150","","11570477241.9461","","","","","63.555","","77.7","","-161260","49700000","","13.5887541832113","1.60577909590203","10103674","","","","","93.9423370361328","127.856330871582","1.00560998916626","57.0385093688965","","756096.015625","","","","2.45217818540539","11853817307.6923"
Chile,"1973","81.3184","","","2.69367890308713","","757.854041792436","828.036975874038","","3.409","","","1360","","13966996451.0467","","","","","64.231","","75.5","","","48730000","","13.8068416269054","1.59216869956503","10265829","","","","","94.9685363769531","127.746757507324","1.01112997531891","60.3814811706543","","756096.015625","","","","2.41331814424639","16836261173.1844"
Chile,"1974","80.2178","","","2.48878403819884","","800.571647854336","809.22556942804","","3.293","","","1650","","17241620732.9862","","","","","64.917","","71.1","","","23600000","","14.0260238452235","1.57502108108594","10428798","","","","","92.8227691650391","126.602348327637","1.01540005207062","61.165599822998","","756096.015625","","","","2.37406581494093","16210404183.5358"
Chile,"1975","79.1172","","","2.17271761477457","","731.191042706749","720.547374618202","","3.182","50000000","","1150","","12173141179.1333","","","","","65.609","0","64.4","","","126910000","","14.2459323268059","1.55569650291248","10592307","","","","","92.4491500854492","122.993850708008","1.01216995716095","60.1349983215332","","756096.015625","","","","2.33436578643859","7622217352.34216"
Chile,"1976","78.0166","","","2.24072365606452","","768.717466164439","751.302097132644","","3.078","-1000000","","1010","","10903845018.2","","","","","66.307","0","56.6","","","7300000","","14.467269126141","1.54173810198828","10756878","","","","","93.4191131591797","118.619918823242","1.02163004875183","60.2086791992188","","756096.015625","","","","2.29919461836562","10341925249.0421"
Chile,"1977","76.916","","","2.11571011369909","","793.845595521067","766.801012819174","","2.981","21000000","","1060","","11596121318.1659","","","","","67.005","0","48.8","","-148300","10600000","","14.690394684997","1.53050611864007","10922779","","","","","89.819221496582","117.018669128418","1.01452994346619","62.0514183044434","","756096.015625","","","","2.26594125892231","13962893421.5413"
Chile,"1978","74.0248","","","2.06941514532429","43","834.057388450799","782.229410419991","","2.892","181000000","","1360","","15123428122.0312","","","","","67.698","0","41.9","","","7160000","","14.9141725358587","1.51180803509265","11089165","","","","","","116.285568237305","1.01223003864288","63.1730308532715","","756096.015625","","","","2.22689570574889","15989933708.1491"
Chile,"1979","71.1336","","","2.20902103150483","","876.420062165051","815.066037594191","","2.812","244000000","","1790","","20129305385.9297","","","","","68.378","0","36.7","","","-27890000","","15.1370439025723","1.48330403519433","11254877","","","","","","116.747840881348","1.0147500038147","64.581298828125","","756096.015625","","","","2.17844948175692","21803696985.2349"
Chile,"1980","68.2424","","","2.21252824592087","","902.766077362736","830.028299338981","","2.744","213000000","","2300","","26307350359.9345","","","94","","69.033","0","33","243.3333333","","-10550000","","15.3582462087103","1.45075639556459","11419348","","","","","","114.637481689453","1.01216995716095","63.8737983703613","","756096.015625","","","","2.12756228348972","29036709871.7949"
Chile,"1981","65.3512","","","2.12003128298757","","919.097490298319","831.379758304557","","2.689","383000000","","2780","","32242843394.9621","","","95","","69.655","0","29.9","203.2258065","","-7250000","","15.5770209126414","1.4144267796708","11582014","","","","","","113.159187316895","1.01822996139526","63.9401206970215","","756096.015625","","","","2.07078085023709","34509878043.5897"
Chile,"1982","62.46","","","1.75545216580746","","887.353454909527","751.843061480967","","2.648","401000000","","2280","","26760037914.2423","","","96","","70.239","0","27.1","196.2962963","-154520","-8840000","","15.7947613638871","1.38815159304691","11743911","","","","","","111.562461853027","0.996450006961823","63.8084983825684","","756096.015625","","","","1.9344827269532","25325893205.657"
Chile,"1983","62.4778","","","1.75005298976483","","906.452490602924","766.662887681853","","2.619","135000000","","1820","","21673442221.5121","","","95","","70.782","0","24.6","212.244898","","100000","1000000","16.0153961087335","1.38721905559903","11907960","","","","","97.1223678588867","110.396606445313","1.00231003761292","68.2154922485352","","756096.015625","","","","1.54884266790691","20355959237.2128"
Chile,"1984","62.4956","","","1.83803360369792","","966.871127040723","795.231465785074","","2.601","78000000","","1590","","19201369623.0095","","","94","","71.282","0","23","202.0408163","","2250000","1000000","16.2442699068319","1.41897091089265","12078135","","","","","","107.296928405762","0.999679982662201","70.8387603759766","","756096.015625","","","","1.58032525163643","19622527479.6913"
Chile,"1985","62.5134","","","1.75433417452352","","988.150999132268","781.797135993792","","2.592","144300000","","1430","","17488386526.948","","","92","","71.737","0","22.4","185.7142857","","40010000","1000000","16.4851485677","1.47196633068433","12257236","","","","","","107.757972717285","1.00314998626709","74.1113891601563","","756096.015625","","","","1.6318584378855","17702885393.5099"
Chile,"1986","62.5312","","","1.78756270276381","","1028.13610638686","804.492238078591","","2.589","315500000","","1470","","18281305632.8768","","","91","","72.148","0","22.2","175","","-5150000","400000.006","16.7387852532412","1.52686081319647","12445823","","","","2.2","","106.375801086426","1.00092995166779","76.0438537597656","","756096.015625","","","","1.68528330982839","18891048818.7426"
Chile,"1987","62.549","","","1.79333997420217","","1054.42380259503","817.409564433038","","2.59","890500000","","1660","","20984163496.8667","","","92","3.3","72.524","0","21.9","155.2238806","-68650","21310000","500000","17.0038726895802","1.57126264708873","12642924","11.7","","","","","","","","","756096.015625","","","","1.72823210695913","22255407684.6999"
Chile,"1988","63.736","","","2.09584316517779","","1121.52299849903","910.496409164965","","2.591","967900000","","1930","","24827810827.9511","","","95","","72.872","0","21.4","142.3076923","","44330000","100000.0015","17.2792932382494","1.60677385932286","12847708","","","","","","103.158447265625","","80.1831283569336","","756096.015625","","","","1.76228298302502","26040229793.0697"
Chile,"1989","64.923","","","2.48009374245238","","1208.76732687749","1004.11019179619","","2.589","1283500000","","2200","","28669331607.4347","","","92","","73.198","0.037415503","20.4","125.2525253","","61690000","1299999.952","17.5631411306465","1.62935901120449","13058758","","","","","","103.300842285156","1.00717997550964","78.6073532104492","","756096.015625","","","","1.78463535500807","29885685142.9107"
Chile,"1990","66.11","","","2.5096528165056","56","1237.62460146702","1055.34861517348","","2.579","661200000","152630","2350","4270","31165864113.5709","56702411059.7881","","97","3.4","73.509","0.104869268","19.1","113.7254902","","103540000","400000.006","17.853464870482","1.6395147692577","13274623","8.1","","0.1","","","103.673057556152","1.01041996479034","75.7257690429688","","756096.015625","","","","1.79334664087931","33113887817.9731"
Chile,"1991","67.297","","","2.32107559559069","","1313.94301613204","1061.48752398806","","2.558","822700000","153200.99609375","2600","4700","35146274062.2557","63373742509.7379","","99","","73.808","0.26776813","17.6","113","","120860000","","18.1502039358173","1.64841970011086","13495258","","","0.1","","","103.117347717285","0.996519982814789","94.1935729980469","","756096.015625","","","","1.80081810492663","37834793730.3133"
Chile,"1992","68.484","2.29265536723164","","2.36701023533911","","1457.08919337784","1129.08712571208","","2.526","936100000","153772.001953125","3120","5390","42772904175.8535","73920149728.8774","","89","3.8","74.1","0.469670919","16.2","110.2040816","3610","131290000","","18.4522232040693","1.65030653117528","13719819","4.7","","0.1","","","99.7783279418945","0.999909996986389","94.2744598388672","","756096.015625","","","","1.84916054195355","45964327558.8836"
Chile,"1993","67.8598","","99.4","2.48315793753676","","1514.74330791168","1138.48101285793","","2.484","1034300000","154342.998046875","3440","5910","47964651748.0454","82380542370.9045","","94","","74.386","0.61087404","15","101.0416667","","173970000","","18.7549915994288","1.62750735300571","13944937","","","0.1","","","99.5268096923828","1.00889003276825","74.9056091308594","","756096.015625","","","","2.0240135868085","49297773130.1185"
Chile,"1994","67.2356","","99.5","2.68974181051704","","1588.6954569776","1204.92173701888","","2.432","2582100000","154914.00390625","3730","6270","52856792412.9745","88890011019.102","","96","3.5","74.671","0.816661184","13.9","114.5833333","","150420000","","19.0527635725176","1.5752224851923","14166340","5","","0.1","0.8","","","","","","756096.015625","","","","1.96423996502228","57008425295.8256"
Chile,"1995","66.6114","","99.5","2.90282435007739","","1745.3747222177","1275.42812790273","","2.372","2957000000","155485","4420","7070","63598933895.7484","101711668583.798","","97","","74.957","1.372059235","13.1","135.5769231","","156890000","","19.3412864484445","1.5029844838017","14380866","","","0.1","0.8","","","","","","756096.015625","","","","1.88456868964807","73447063319.3034"
Chile,"1996","65.9872","","99.6","3.32477629620692","","1926.52959375131","1392.71273711437","","2.306","4814616000","156055.99609375","5070","7750","73934257107.2635","113115344085.184","","93","3.6","75.244","2.190072645","12.5","109.5238095","","195700000","","19.6190202801031","1.42575128225713","14587370","3.4","","0.1","0.7","","99.3790664672852","","","","756096.015625","","","","1.7988208287435","78039572221.6024"
Chile,"1997","65.363","","99.4","3.81401013917012","","2069.35917360894","1538.5285083003","","2.238","5271400000","156627.001953125","5590","8370","82588569648.9986","123787192606.259","","96","","75.53","2.771093626","12.2","113","19340","129380000","","19.8864600024587","1.35395801302939","14786220","","","0.1","","","77.8893814086914","","","","756096.015625","","","","1.71976784398955","84952360922.4679"
Chile,"1998","63.6964","","99.6","3.84848448026147","","2176.96496525876","1572.72018402251","","2.172","4627817978","157197.998046875","5490","8790","82226790897.2917","131704431868.475","","98","3.5","75.813","6.437876814","11.9","100","","106450000","","20.144031958946","1.28689655595197","14977733","3.5","","0.1","0.7","","103.495391845703","0.99905002117157","78.4832763671875","","756096.015625","","","","1.64435946138727","81577430181.4074"
Chile,"1999","62.0298","","99.4","4.05617194713377","","2392.96172210937","1650.6113646556","","2.11","8761016217.84","157769.00390625","5120","8720","77616734013.0468","132230920027.057","","94","","76.092","14.90942966","11.5","100","","70020000","","20.3929344839507","1.22804282065597","15162800","","","0.1","0.7","","105.463417053223","0.998799979686737","80.6813735961914","","756096.015625","","","","1.57956768655663","75173794497.0321"
Chile,"2000","60.3632","","99","3.83350669874432","","2499.29068898363","1640.41037251587","","2.055","4860015667.52","158340","5060","9220","77651817812.7441","141423037028.744","","97","3.8","76.366","22.17081695","10.9","100","","48970000","13300000","20.6344210540694","1.17721142767665","15342353","4.4","36","0.2","","","105.988403320313","0.995029985904694","84.4164733886719","","756096.015625","","","","1.52052546501187","77860932151.8471"
Chile,"2001","58.6966","","99.8","3.43772837952392","60.7","2628.68670781142","1591.7255178536","","2.009","4199763048.85","158755.99609375","4800","9640","74542047451.0208","149617762745.183","","96","","76.634","32.8741032","10.3","92.75224352","","59020000","11900000","20.8681164332824","1.12618583494464","15516113","","","0.2","0.7","","","","","","756096.015625","","","","1.46254905933042","70979923960.3742"
Chile,"2002","57.03","","99.8","3.51703918203102","","2727.86816513137","1630.12524093193","","1.972","2549923142.41108","159172.001953125","4540","9930","71191891260.3191","155784421234.555","","95","","76.894","39.81221097","9.8","96.35963381","42330","-6690000","12400000","21.0944631042081","1.07881292652664","15684409","","","0.2","0.7","","105.24626159668","0.994239985942841","88.2572326660156","","756096.015625","","","","1.35978395047291","69736811435.1032"
Chile,"2003","56.6368","","97.7","3.508135131295","","2897.79233007766","1629.89982366805","","1.943","4026497832.75699","159587.998046875","4510","10180","71513609366.7616","161378822034.931","","96","4","77.146","45.8576693","9.5","105.6918031","","80480000","11800000","21.3167036978274","1.04803826249803","15849652","4.2","35.4","0.2","0.6","","103.899017333984","0.992190003395081","91.1319198608398","","756096.015625","","42","","1.11614226762616","75643459839.6008"
Chile,"2004","56.2436","","99.8","3.73249299046498","","3064.44513699088","1717.85949534345","","1.923","6797252642.36959","160004.00390625","5190","10840","83077749294.344","173667663199.091","","94","","77.391","57.82954587","9.3","129.1023657","","54400000","11600000","21.5390465062765","1.03764280108146","16014971","","","0.2","0.6","","107.679740905762","0.981599986553192","93.106689453125","91.1111111111111","756096.015625","","42","","1.10685314333162","99210392857.6116"
Chile,"2005","55.8504","","99.8","3.82001803034236","","3095.64751193572","1752.7276160789","","1.909","7462207179.80944","160420","6210","11640","100452013431.305","188423173015.673","","90","","77.63","65.31393577","9.1","147.6152316","","170410000","13000000","21.7646588443462","1.04200958151135","16182721","","","0.2","","","106.795318603516","0.982290029525757","95.4048080444336","91.1111111111111","756096.015625","","42","","1.10886407943109","122964812046.073"
Chile,"2006","55.4572","","99.8","3.96308105705927","64.2","3222.41506070744","1805.22111829255","","1.901","7586190389.76648","160797.998046875","7340","13840","120072499690.976","226393185292.021","","91","4.6","77.865","76.13071604","9","191.8099657","","99240000","","21.9956952930533","1.05592653411586","16354504","2.4","29.1","0.3","0.6","","106.386123657227","0.986370027065277","96.1425704956055","91.1111111111111","756096.015625","","40","","1.12388486879654","154788024805.808"
Chile,"2007","55.064","3.9954802259887","99.7","4.33379715121328","","3339.46453747218","1852.50524872816","","1.898","13474760472.5025","161175.99609375","8690","15050","143603828920.903","248814945028.446","7.77716950372185","92","","78.099","84.42248866","8.9","198.4444157","107169","108680000","","22.2319877359016","1.06853750831829","16530195","","","0.3","0.6","","106.634986877441","0.986790001392365","95.568962097168","94.4444444444445","756096.015625","","40","","1.13530256801255","173605968179.255"
Chile,"2008","54.8116","","99.85","4.30034046637298","","3338.2893656538","1815.20784512664","","1.895","18473102612.1039","161554.00390625","10050","15220","167969056839.072","254260262604.88","6.81574565267327","96","","78.33","88.55856188","8.9","169.6316595","","106450000","","22.4714703573841","1.07143797237155","16708258","","","0.3","0.5","","106.429336547852","0.986010015010834","95.0621795654297","92.2222222222222","756096.015625","","40","","1.13931172256813","179638496278.574"
Chile,"2009","54.5592","","99.8","3.95621640079056","","3296.54073453887","1748.32848578122","","1.892","13855126064.8962","161932.001953125","9950","15060","168009833888.941","254255791260.918","6.37375406461089","93","4.6","78.558","97.41822695","8.8","177.4518558","","79190000","51938053.6776965","22.7107714130507","1.05928030084099","16886186","2.6","25.3","0.3","","","104.632316589355","0.989090025424957","92.3711929321289","92.2222222222222","756096.015625","","40","","1.12595346783564","172389498444.621"
Chile,"2010","54.3068","","99.83","4.23447610601378","","3306.95272965285","1807.91565802411","","1.884","16019683111.6555","162310","10750","16880","183353969443.646","288017255793.192","6.28377913476771","93","","78.779","116.3498908","8.7","216.4661962","","188540000","62324923.1059028","22.9479501660676","1.03892916043728","17062536","","","0.4","","","101.367057800293","1.00094997882843","92.8026809692383","94.4444444444444","756096.015625","","36.5","","1.1044180818879","218537551220.071"
Chile,"2011","54.0544","","99.85","4.59822558011175","","3583.5859023107","1950.23836027996","","1.87","24149598879.9503","165318.0078125","12340","19110","212599041048.838","329368731234.727","5.0929223846664","91","4.9","78.986","129.4870432","8.5","219.7968682","","167420000","70917381.8950211","23.1779873303205","0.997439115198244","17233576","1.6","22.2","0.4","","94.2626113891602","100.44149017334","1.00001001358032","92.2592926025391","94.4444444444444","756096.015625","","9.5","","1.06402130316429","252251992029.442"
Chile,"2012","53.802","","99.83","4.65362524092192","","3807.51027551347","2138.29936839765","","1.849","30292554797.5389","168325.99609375","14350","20490","249672636629.59","356585691606.824","5.20455846411352","90","","79.176","137.589055","8.4","204.6828122","163730","128080000","72030040.7443826","23.402282979991","0.963057456532428","17400347","","","0.4","","96.466178894043","99.9265823364258","1.00264000892639","90.1779403686523","94.4444444444444","756096.015625","","7.5","","1.0284599807799","267122320056.702"
Chile,"2013","51.252","","99.8","4.73643108698645","","3879.86073135332","2202.11521982719","","1.821","20824865443.2657","171334.00390625","15270","21470","268351959167.388","377205694908.338","6.72954405120105","90","5.1","79.349","134.6574258","8.3","198.2863808","","80560000","71108144.9065198","23.6324815360804","0.978852117140791","17571507","0.9","14.4","0.4","0.5","95.5519180297852","98.17578125","0.992139995098114","99.2485198974609","95.5555555555556","756096.015625","","7.5","","1.04420300070335","278384332694.359"
Chile,"2014","48.702","","99.75","4.64906220009855","","3879.6756048595","2032.93475704291","","1.787","23736252540.8038","174341.9921875","14990","21990","266267394057.112","390604167246.858","7.06107104664962","97","","79.504","133.3451921","8.1","194.2478398","","245580000","60612706.416405","23.884591723835","1.06114512594635","17758959","","","0.4","0.5","95.3303909301758","98.0995712280273","0.992030024528503","99.4184494018555","95.5555555555556","756096.015625","","7.5","","1.12645643978205","260541637327.864"
Chile,"2015","46.152","","99.7","","","","2005.55106241165","","1.75","21055618323.7462","177350","14140","22010","254067754999.065","395579058008.75","6.78371661493198","96","4.8","79.646","129.1440655","7.9","188.90009","","54330000","58992215.8381229","24.1675573408594","1.17775747141868","17969353","1.3","11.7","0.5","","93.7303009033203","98.7030334472656","0.991100013256073","99.8874130249023","95.5555666666667","756096.015625","","7.5","","1.24302725952207","243919079437.22"
Chile,"2016","43.602","","","","76.2635245751857","","","","1.713","12135710063.5419","180358.0078125","13420","22250","244328645513.562","405214219662.615","8.17114467952459","93","","79.779","127.972519","7.7","197.0407307","","178440000","64551112.6635094","24.4899577081939","1.32520160643522","18209068","","","0.5","","92.7776031494141","99.7986297607422","0.992060005664825","99.6315994262695","95.5555666666667","756700","13.5939050071834","7.5","","1.39614305163962","250339876460.228"
Chile,"2017","41.052","","","","","","","","1.678","5852183238.92468","","13290","23260","245499176281.807","429558689700.93","6.43787053874217","93","5.2","79.909","124.5944777","7.4","218.4712368","558539","69460000","66541753.5876935","24.8414839222839","1.42518504417829","18470439","0.7","8.6","0.5","","92.8040313720703","101.471199035645","0.99168998003006","99.6577224731445","93.3333333333333","756700","27.0392385768099","7.5","","1.50294061291484","277746457909.868"
Chile,"2018","","","","","","","","","","6082221197.63492","","14670","24190","274752211958.482","453015813363.178","6.38315047149194","93","","","134.4373213","7.2","217.613949","","","66095534.5836223","25.1894460666519","1.39101054110467","18729160","","","0.5","","","","","","90","756700","27.0392385768099","6","","1.47555844683509","298231139609.448"
Mexico,"1960","116.4508","","","1.67099014109949","","","","","6.769","","","","","","","","","","57.077","0","150.2","","","-2190000","","","3.11850759656585","37771859","","","","","","","","","","","","","","4.74336734458669","13040000000"
Mexico,"1961","116.6804","","","1.67596132900902","","","","","6.768","","","","","","","","","","57.668","","143.9","","","68120000","","20.0447830448314","3.11265537030025","38966056","","","","","","","","","","1964380","","","","4.74836440825959","14160000000"
Mexico,"1962","116.91","","","1.58748502530854","","","","","6.77","","","360","","14659119018.1453","","","","","58.193","","138.4","","-409085","28940000","","20.6771362432161","3.10596378859192","40195319","","","","","","","","","","1964380","","","","4.71726041725495","15200000000"
Mexico,"1963","116.91","","","1.6005283972076","","","","","6.775","","","390","","16311307146.0803","","","","","58.656","","133.7","","","15630000","","21.3289276987577","3.10356987278023","41462369","","","","","","","","","","1964380","","","","4.68743535829883","16960000000"
Mexico,"1964","116.91","","","1.73665836206751","","","","","6.78","","","440","","18855206802.6928","","","","","59.069","","129.6","","","-12910000","","22.0021497466499","3.10759050974029","42771079","","","","","","","","","","1964380","","","","4.66306402769476","20080000000"
Mexico,"1965","116.91","","","1.7053551511016","","","","","6.783","","","480","","21111058885.793","","","","","59.447","0","125.8","","","40430000","","22.6980390442141","3.11383706972012","44123853","","","","","","","","","","1964380","","","","4.6382038473177","21840000000"
Mexico,"1966","116.91","","","1.77792525470874","","","","","6.779","","","510","","23401113479.3456","","","","","59.807","","122.3","","","41540000","","23.4161048380874","3.11454915399194","45519737","","","","","","","","","","1964380","","","","4.61423447115065","24320000000"
Mexico,"1967","116.91","","","1.91884866427033","","","","","6.764","","","560","","26060824906.1419","","","","","60.165","","118.8","","-616085","40800000","","24.1550492553821","3.10694105640689","46956208","","","","","","","","","","1964380","","","","4.577395349111","26560000000"
Mexico,"1968","116.0652","","","1.94063700317633","","","","","6.734","","","610","","29675397414.8851","","","","","60.536","","115.4","","","69910000","","24.9142066411173","3.09447514637208","48431972","","","","","","","","","","1964380","","","","4.54013970518582","29360000000"
Mexico,"1969","115.2204","","","2.04798731828087","","","","","6.684","","","640","","31986204213.1845","","","","","60.932","","111.7","","","58050000","","25.6926767663777","3.07678119642359","49945279","","","","","","","","","","1964380","","","","4.49154346786841","32480000000"
Mexico,"1970","114.3756","","","2.21528721113017","","","","7097271963.6","6.611","312107000","","680","","35266740084.2265","","","","","61.362","0","107.8","","","80140000","","26.4891406671982","3.05288622930265","51493565","","","","","","","","","","1964380","","","","4.40386458085075","35520000000"
Mexico,"1971","113.5308","","","2.38032751408993","","507.513955409123","809.63853728287","7627450073.8","6.51","307000000","","730","","38690930979.012","","","","","61.829","","104","","","41640000","","27.3033632552278","3.02750279016519","53076373","","","","","","101.900596618652","0.885500013828278","21.1459102630615","","1964380","","","","4.30361432962865","39200000000"
Mexico,"1972","112.686","","","2.42200607157334","","551.234803810273","869.190757796182","8351504526.6","6.382","178385000","","820","","44861163667.1311","","","","","62.327","","100.2","","-920380","58580000","","28.1334103243396","2.9947958812121","54689943","","","","","","104.037117004395","0.872439980506897","22.831750869751","","1964380","","","","4.24656724533499","45200000000"
Mexico,"1973","111.7502","","","2.56182101356851","","582.377379796426","933.093819199147","10667132065.7","6.23","457000000","","990","","55653814190.368","","","","","62.845","","96.6","","","61100000","","28.9741521129659","2.9446276510044","56324303","","","","","","106.156341552734","","25.54714012146","","1964380","","","","4.17113519752213","55280000000"
Mexico,"1974","110.8144","","","2.67407802921134","","627.376316969278","964.951250374266","14080544375.1","6.057","508756000","","1210","","70206012348.519","","","","","63.378","","93.2","","","52960000","","29.8190817665063","2.87443902368965","57966804","","","","","","108.88362121582","0.890600025653839","28.2493591308594","","1964380","","","","4.07963288056998","72000000000"
Mexico,"1975","109.8786","","","2.7592338894778","","655.885633247631","992.225014001068","18381411868.8","5.866","458411000","","1460","","87094137870.0272","","","","","63.922","0","90","","","56190000","","30.6633159289076","2.79185028993388","59607953","","","","","68.4922790527344","108.034851074219","0.873549997806549","30.6583309173584","","1964380","","","","3.97313350586591","88000000000"
Mexico,"1976","108.9428","","","3.00672469420182","","694.815126630841","1033.43763506824","24139106860.2","5.661","731451000","","1540","","94138488575.489","","","","","64.467","0","86.9","","","61200000","","31.5039944443016","2.70473263242892","61242190","","","","","70.3780822753906","109.189079284668","0.862839996814728","34.2835884094238","","1964380","","","","3.86435056237654","89025974025.974"
Mexico,"1977","108.007","","","3.06740619593448","30.3","737.42757325393","1088.61589940738","31382393509.7","5.448","327102000","","1480","","92835930645.4981","","","","","65.009","0","83.7","","-1253817","49140000","","32.341316906299","2.62312284369101","62869903","","","","","75.9962387084961","112.374816894531","0.917169988155365","37.1925506591797","","1964380","","","","3.7569884111047","81814159292.0354"
Mexico,"1978","105.9622","","","3.45220080995901","40","794.667867299645","1186.65204204074","35905344399.6","5.234","658163000","","1590","","102383398396.585","","","","","65.54","0","80.4","","","14960000","","33.1772262661077","2.55181107222824","64494869","","","","","76.2357864379883","112.14803314209","0.917760014533997","38.8593292236328","","1964380","","","","3.66526514766348","102500000000"
Mexico,"1979","103.9174","","","3.642771220819","37.8","840.467705646568","1269.80796367764","42974454788.9","5.024","1332000000","","1890","","125181576753.268","","","","","66.055","0","76.8","","","71690000","177000000","34.015225185833","2.49445392602113","66123897","","","","","80.3173828125","116.19490814209","0.931400001049042","42.1796684265137","","1964380","","","66.068585604802","3.58498354189634","134561403508.772"
Mexico,"1980","101.8726","","","3.96175177798938","","887.054057878285","1403.66695939982","57574370375.6","4.823","2090000000","","2560","","173666910349.926","","","35","","66.553","0","73.1","305.3571429","","55390000","1039000000","34.8575693819285","2.44620885626553","67761372","","","","","83.0970916748047","116.428199768066","0.941869974136353","44.8694496154785","","1964380","","","45.7863966269229","3.4963397707143","205139086956.522"
Mexico,"1981","99.8278","","","4.09940360442248","","926.670534061215","1463.21454542227","78412639827.2","4.636","3078000000","","3270","","227059580523.585","","","33","","67.031","0","69.4","306.557377","","98790000","1220000000","35.704428611847","2.40044193141247","69407624","","","","","84.4060516357422","116.380767822266","0.95184999704361","48.2670402526855","","1964380","","","47.8359621437608","3.19768826580318","263959336734.694"
Mexico,"1982","97.783","13.6845965770171","","4.28994489538178","47.7","980.950187995399","1495.75670262485","86274650447.2","4.463","1901000000","","3000","","212958498231.84","","","37","","67.493","0","65.8","245.3125","-1273198","139070000","1226000000","36.5537457239127","2.35089312872875","71058654","","","","","84.2836837768555","115.078887939453","0.953140020370483","52.5905303955078","","1964380","","","52.5355046045283","3.13441584414033","184609157801.418"
Mexico,"1983","95.9352","","","3.82953278094457","","999.899613940715","1376.33413299721","93158274474.3","4.304","2192000000","","2400","","174734165273.919","","","23","","67.942","0","62.4","207.3529412","","131340000","1391000000","37.4028647856169","2.29636369016345","72709299","","","","","85.0461883544922","114.486389160156","0.940959990024567","54.4838104248047","","1964380","","","46.8009699060707","3.06938003062739","156159198584.513"
Mexico,"1984","94.0874","","","3.73389480998998","","1038.42996490602","1406.27584516814","95016521283.5","4.158","1542000000","","2200","","163725447994.847","","","21","","68.38","0","59.4","197.1428571","","82790000","1561000000","38.248221919288","2.23497733889267","74352631","","","","","88.0250091552734","114.458358764648","0.947780013084412","55.7280807495117","","1964380","","","46.5924473202184","2.9947562926803","184261495828.367"
Mexico,"1985","92.2396","","","3.79689382502","","1077.43149712072","1429.45186049311","97063210490.8","4.026","1984000000","","2270","","172818531008.96","","","64","","68.809","0","56.7","173.9130435","","144150000","1616000000","39.0871601635845","2.16969550764444","75983485","","","","","86.3508071899414","113.264938354492","0.949490010738373","55.1568908691406","","1964380","","","45.2481307971164","2.91649485557415","195219789801.479"
Mexico,"1986","90.3918","","","3.7959089292507","","1095.6312920029","1361.72059628837","101083076236.3","3.904","2036000000","","2080","","161138352531.819","","","60","","69.232","0","54.1","109.3333333","","251150000","1771000000","39.9182581856529","2.10397893691626","77599098","","","","","88.0082778930664","113.3173828125","0.962970018386841","55.4127006530762","","1964380","","","45.7553650178212","2.83948248993254","134550096436.744"
Mexico,"1987","88.544","","69.4","3.8807654628535","52.7","1141.50135780795","1403.20996641405","109652607038.7","3.79","1184000000","","2040","","161904848702.953","","","54","","69.649","0","51.7","113.253012","-1835537","155500000","1985000000","40.741830293989","2.04215181368528","79200081","","","","","88.7511520385742","113.209846496582","0.965020000934601","54.8312797546387","","1964380","","","34.1763502616205","2.76514134344421","147540738281.817"
Mexico,"1988","87.7862","","","3.80086777212378","","1176.10476838716","1392.41756284271","99399530018.3","3.68","2011000000","","2090","","168767549697.084","","","70","","70.062","0.001856695","49.4","90.32258065","","172350000","2439000000","41.5590529591811","1.98600426519494","80788721","","","","12.4","88.5822372436523","112.158218383789","0.96586000919342","54.2640495300293","","1964380","","","38.9106112419335","2.69670704132817","181611549975.804"
Mexico,"1989","87.0284","","","4.39337855434836","","1232.47927061236","1426.67124088329","94016224827.1","3.574","2785000000","","2370","","195302757594.901","","","85","3.6","70.469","0.010319425","47.1","90.32258065","","96570000","2793000000","42.3719390930837","1.93709506438825","82368931","7.1","","","9.6","88.3604125976563","111.740173339844","0.970619976520538","53.7768211364746","","1964380","","","34.2266025459496","2.6357358145605","221400669713.589"
Mexico,"1990","86.2706","","83.8","3.79337301829529","","1185.04036756694","1473.38866269607","104604453446.9","3.47","2549000000","697600","2790","6280","234010884389.661","527527177196.685","","75","","70.866","0.076153937","44.8","102.1505376","","156250000","3098000000","43.1817340980992","1.89312547323698","83943132","","","0.1","","86.6197662353516","110.664962768555","0.967859983444214","52.6770896911621","","1964380","","","21.7671536616229","2.54352156340849","261253582805.945"
Mexico,"1991","85.5128","","","3.88198642906791","","1295.41108802147","1518.48924105626","114219780588.7","3.369","4742000000","695696.015625","3250","6690","277673744309.893","572432570656.723","","89","","71.248","0.188157016","42.6","97.84946237","","274180000","3030000000","43.9891062012912","1.85244328969512","85512623","","","0.1","","86.3183975219727","109.878517150879","0.975390017032623","51.8245887756348","","1964380","","","24.6323137426242","2.40677869204338","313142768453.485"
Mexico,"1992","84.755","","","3.84378478963766","63.1","1317.63213513368","1503.67808776829","112454855209.2","3.273","4393000000","693792.03125","3770","7000","328048310023.019","609174885150.768","","88","3.6","71.61","0.359054269","40.5","96.90721649","-2018533","320900000","3700000000","44.7928897348183","1.81073986191808","87075138","9.5","","0.1","","87.6414489746094","109.758697509766","0.966319978237152","51.9322395324707","","1964380","","","35.6520872155853","2.35647971314523","363157598242.27"
Mexico,"1993","84.4","","","3.83037712422077","","1312.5689418298","1502.2156392115","131852484881","3.182","4389000000","691887.96875","4490","8360","397579150154.02","740647596912.562","","79","","71.953","0.435689797","38.5","97.91666667","","427580000","3979000000","45.5903906993493","1.76475484875728","88625440","","","0.2","","88.5805130004883","109.621276855469","0.973879992961884","52.6653709411621","","1964380","","","37.6869466231902","2.30202372656417","500736065605.341"
Mexico,"1994","84.045","","","3.9129786459974","","1401.13181094187","1509.93925001442","139914928842.7","3.097","10972500000","689983.984375","5310","8800","478325879258.623","793216766295.509","","90","3.4","72.279","0.631403871","36.6","95.91836735","","431140000","4121819824","46.3779418194912","1.71269903402158","90156400","9.9","","0.2","","90.2368011474609","109.340072631836","0.97545999288559","54.2322692871094","","1964380","","","27.043710539719","2.24435636023302","527813238126.278"
Mexico,"1995","83.69","","","3.63086398223673","66.5","1419.90329061412","1437.64695973966","166734035992.5","3.018","9526290000","688080","4790","8170","438652260121.078","748697804537.724","","90","","72.598","0.751132801","34.7","92.45283019","","391240000","4368120000","47.1531083618406","1.65759774896321","91663285","","","0.2","","93.2042694091797","109.314178466797","0.980549991130829","56.5239715576172","","1964380","","","39.223527929552","2.1809904082938","360073909243.855"
Mexico,"1996","83.335","","","3.71904258174849","","1444.36145499153","1445.93366806144","157582830604.4","2.946","9185600000","686176.015625","4620","8770","430616153376.049","816644882427.094","","93","2.9","72.925","1.097082587","32.9","96.11650485","","291930000","4949000000","47.9163785076777","1.60574453724384","93147044","20.7","","0.2","10.3","94.892448425293","108.801528930664","0.979210019111633","59.0987510681152","","1964380","","","51.0436958161424","2.01652273130125","410975595310.156"
Mexico,"1997","82.98","","85.7","3.90831162532239","68.4","1528.18379410039","1498.0019765566","148844858127.8","2.88","12829800000","684272.03125","4660","9460","440455418957.605","895362923996.814","","91","","73.268","1.839969943","31.2","97.05882353","-2296470","99870000","5545800000","48.6694626919417","1.55944067255811","94611002","","","0.2","","94.9124908447266","108.204536437988","0.981169998645782","61.695671081543","","1964380","","","47.3409742656593","1.91039285255008","500413483109.175"
Mexico,"1998","81.612","","","4.05061354577592","","1643.04647895061","1516.61070800328","160179820334.4","2.821","12756764558","682367.96875","5000","9910","480142949358.168","952152206386.803","","96","3.2","73.625","3.486990721","29.5","94","","19170000","6501246000","49.4129586666324","1.51609270165456","96056321","15.9","","0.2","6","","107.473083496094","0.988499999046326","65.5030212402344","","1964380","","","21.9083074152369","1.86311980666177","526502129378.284"
Mexico,"1999","80.244","","","4.01694897520057","","1689.1858622683","1537.52248349774","167974626592.2","2.766","13880522690","680463.984375","5510","10220","537444615295.741","996524232338.777","","94","","73.988","7.931115889","27.9","95","","36550000","6648625182","50.1478083284035","1.4762100147435","97484832","","","0.2","","94.9376602172852","107.217597961426","0.997560024261475","67.840202331543","","1964380","","","23.3030455805777","1.81935194177948","600232874042.927"
Mexico,"2000","78.876","","88.6","4.02814463460484","70","1800.46793804379","1516.6358551927","152557992414.8","2.716","18382284821","678560","6210","10850","614243644078.559","1073235252932.68","","96","3.7","74.34","14.23448136","26.4","100","","-45340000","7524742980","50.8757143959464","1.4410874716918","98899845","9.1","","0.2","","95.464111328125","107.173240661621","1.00574004650116","70.4952087402344","","1964380","","","31.8721046082041","1.81785641990855","707906744574.644"
Mexico,"2001","77.508","","","4.11749895334563","","1834.15142250925","1548.31613898214","166064500842.5","2.669","30060020323","677013.984375","6740","10920","676202769221.778","1095604356342.78","","95","","74.658","21.69288102","25","97.24625763","","98700000","10146263000","51.5950271354716","1.40396086548011","100298153","","","0.2","","95.9474563598633","106.900520324707","1.0129599571228","72.1460494995117","","1964380","","","26.9649135824928","1.83529856314628","756706300589.791"
Mexico,"2002","76.14","17.6772616136919","","4.07523549399606","","1843.96367447715","1534.72185084022","157273704962.7","2.623","24055125415","675467.96875","7100","10990","721830298288.073","1117965544638.39","","96","4.2","74.922","25.49867503","23.6","99.95948581","-2206114","141640000","11029448100","52.3083196584274","1.37301396068965","101684758","6.7","","0.2","","97.1885223388672","106.933738708496","1.02070999145508","74.4590377807617","","1964380","","","21.1902166578912","1.79851829223948","772106378935.377"
Mexico,"2003","74.971","","95","4.27051150638595","74.5","2001.01822818595","1603.9374852907","158672304324.5","2.579","18223514102","673922.03125","7360","11280","759045771716.463","1162592493945.24","","96","","75.118","29.19810068","22.5","102.455197","","120930000","16653686411","53.0265799017464","1.36378613127152","103081020","","","0.2","","96.9348602294922","106.668647766113","1.03102004528046","77.9189605712891","","1964380","","","17.8497522311981","1.78352404527221","729336319677.449"
Mexico,"2004","73.802","","","4.22244720017614","73","1927.07392279603","1599.16124712209","165905776664.4","2.536","24916054094","672376.015625","7820","11910","817519190073.776","1244336610909.76","","96","4.2","75.243","36.79008756","21.4","108.378798","","140980000","19861747959","53.7642079271586","1.38146701870069","104514932","6","","0.2","","98.4513626098633","105.711639404297","1.02690005302429","79.1639099121094","74.4444444444444","1964380","","","19.1003743688459","1.79681804791156","782240601984.76"
Mexico,"2005","72.633","","","4.39942297926641","73.7","1996.39257329661","1685.09967383393","170823243951.4","2.495","26018159827","670830","8050","12390","853740064016.691","1313762682229.57","","96","4","75.3","44.45889887","20.5","111.6619681","","201910000","22741840920","54.5308279533939","1.4158226663881","106005203","6.7","","0.2","","98.8371505737305","104.64656829834","1.0255800485611","79.8843688964844","72.2222222222222","1964380","","","15.5072117177726","1.82421375296248","877476221382.101"
Mexico,"2006","71.464","","93.4","4.45565776575271","70.9","2020.95287090192","1698.5853580926","170608371156.6","2.456","20677861589","669660","8690","13600","934906034173.901","1462385582249.25","","96","4.5","75.296","51.50184288","19.7","114.86395","","250810000","26542811527","55.330719925924","1.4562076048431","107560153","4.2","","0.2","3.4","98.578483581543","103.355400085449","1.02743005752563","81.6715774536133","68.8888888888889","1964380","","","19.8993670984024","1.85902321221291","975387131716.089"
Mexico,"2007","70.295","19.2298288508557","93.7","4.40155540367489","","2047.53111788384","1662.6025957085","196080704340.3","2.421","33077991459","668490","9250","14050","1009973545443.44","1533815706563.18","","96","","75.255","60.96835755","19","114.4934517","-562404","119340000","26879863159","56.1591100594151","1.48606447529473","109170502","","","0.2","","98.4826736450195","103.259452819824","1.02795004844666","82.7013168334961","70","1964380","","","12.7309682590572","1.88206294519255","1052696282278.88"
Mexico,"2008","69.43","","","4.45111790594276","","2046.69444881834","1621.26497890349","197671888870.4","2.391","32224048190","667320","9780","14710","1083709170199.5","1630569413184.12","20.5913978593753","96","4.1","75.194","67.95405391","18.4","115.9903999","","147810000","26041489177","57.0052064096299","1.49536911114693","110815271","5.5","","0.2","","96.8558578491211","103.501266479492","1.03024995326996","84.2613220214844","76.6666666666667","1964380","","","11.0877796997347","1.88721675715842","1109989063586.62"
Mexico,"2009","68.565","","95.3","4.23203344376671","72.5","1995.29827739281","1599.51669641296","193342945969.3","2.364","19368616146","666150","8820","14310","992380613668.335","1609779367702.41","22.716166968458","96","","75.128","73.97358941","17.9","103.0453297","","189220000","22075734996","57.8532817202089","1.47675759411249","112463887","","","0.2","","94.4142532348633","104.58854675293","1.03268003463745","83.6371383666992","80","1964380","","","12.6718631651835","1.86191456694917","900045350649.351"
Mexico,"2010","67.7","","94.08","4.06956041627212","","2018.82740130081","1531.75694104815","245906482290.8","2.34","20924974772","664980","9040","15080","1031498818234.87","1720422018790.8","22.1706843085048","95","4.7","75.065","80.09564358","17.4","110.879455","","462280000","22080259154","58.6913053319273","1.43814153288358","114092963","4.6","","0.2","","94.0176773071289","105.111961364746","1.03196001052856","84.3125","85.5555555555555","1964380","","","10.1063026248255","1.81796629401583","1057801295584.05"
Mexico,"2011","66.835","","","4.18710449457257","","2216.90610141678","1587.07200237645","291784441992.3","2.317","24726664527","664063.984375","9310","16260","1076966686703.36","1880967839882.46","21.171240094462","98","","75.011","81.75190485","16.9","118.4263217","","973170000","23445660523","59.5156629542941","1.39479253855144","115695473","","","0.2","","94.0703887939453","105.769958496094","1.03111004829407","84.6880798339844","88.8888888888889","1964380","","","11.2094534974383","1.77446054518245","1180489601957.61"
Mexico,"2012","65.97","20.0268948655257","99.6","4.23217530750914","","2253.51442523717","1634.69743184251","349269383310.6","2.294","17748634832","663147.96875","10050","16830","1178346259791.34","1973881601912.17","21.398200692382","99","4.5","74.966","85.89038906","16.4","114.1147174","-422477","407930000","23208649190","60.3277630597495","1.3552892520419","117274155","3.9","","0.2","2.8","100.410583496094","106.396881103516","1.0320600271225","86.2783813476563","87.7777777777778","1964380","","","17.8194909014678","1.73096979379286","1201089987015.45"
Mexico,"2013","64.849","","","4.12649965608452","","2144.08892593167","1616.61360402274","406227127780.5","2.27","47268722927","662232.03125","10270","16870","1220178664785.91","2004429620594.39","20.5366428725254","89","","74.93","89.83415248","15.9","114.0373429","","562390000","23188811955","61.1266550065588","1.31556098414421","118827161","","","0.2","","104.451683044434","106.088600158691","1.029629945755","88.2567977905273","87.7777777777778","1964380","","8.4","10.1550802590893","1.68983556919024","1274443084716.57"
Mexico,"2014","63.728","20.0268948655257","95.6","3.99044614866763","72.3","2157.32394883914","1561.87345835401","442413941891.7","2.243","31769832100","661316.015625","10510","17630","1264972004365.03","2121554563909.1","20.3609830067039","97","4.7","74.908","87.19889276","15.4","108.2013062","","814890000","24802081325","61.9126664780473","1.27767636349717","120355128","3.8","","0.2","","106.367736816406","105.178321838379","1.03171002864838","91.8336029052734","85.5555555555555","1964380","","8.4","11.502114880393","1.65055576289337","1314563967425.24"
Mexico,"2015","62.607","","97.7","","66.9","","1537.2613237258","426905095407.7","2.215","37033334436","660400","10170","17830","1238950509918.89","2173135864192.38","19.6905263836695","97","","74.904","88.37175565","14.8","93.55394864","","321070000","26233171803","62.6859013863525","1.24117772471849","121858258","","","0.2","3.9","101.789169311523","104.117538452148","1.0382399559021","95.2633819580078","92.2222333333333","1964380","","8.4","13.1647980803619","1.61014961859128","1170564619927.69"
Mexico,"2016","61.486","","","","","","","422473342283.2","2.186","35833921205","659483.984375","9410","18300","1160411600547.13","2256695695490.18","20.7730930037114","96","4.9","74.917","90.59237542","14.1","87.87410937","","809300000","28690957406","63.4447264590139","1.20325132906034","123333376","2.2","43.6","0.2","","101.332672119141","103.932769775391","1.04402995109558","97.2714691162109","98.8889","1964375","6.75214757032193","8.4","19.438086689317","1.57086664022431","1077827944342.35"
Mexico,"2017","60.365","","","","","","","455058089428.4","2.157","32005161328","","8940","18970","1115151408163.43","2367563358669.2","21.3335870946672","76","","74.947","91.62670695","13.4","91.81315608","-300000","737480000","32270507679","64.1875171686515","1.16396777921201","124777324","","","0.2","","101.592277526855","103.566780090332","1.04604995250702","99.9046325683594","93.3333666666667","1964375","19.0562399200344","8.4","14.0113385741862","1.52773151252388","1158071006809.62"
Mexico,"2018","","","","","","","","","","36871129000","","9180","19360","1157971294900.79","2443481594799.23","21.041854416617","97","","","93.00775505","12.7","92.5828452","","","35561608333","64.9146264050001","1.12642114890216","126190788","","41.9","0.2","","","","","","96.6666666666667","1964375","19.0562399200344","8.4","","1.48761995074654","1223808885585.61"
,"","","","","","","","","","","","","","","","","","","","","","","","","","","","","","","","","","","","","","","","","","","",""
,"","","","","","","","","","","","","","","","","","","","","","","","","","","","","","","","","","","","","","","","","","","",""
,"","","","","","","","","","","","","","","","","","","","","","","","","","","","","","","","","","","","","","","","","","","",""
Data from database: World Development Indicators,"","","","","","","","","","","","","","","","","","","","","","","","","","","","","","","","","","","","","","","","","","","",""
Last Updated: 09/27/2019,"","","","","","","","","","","","","","","","","","","","","","","","","","","","","","","","","","","","","","","","","","","",""
